gold\pred,心血瘀阻,正虚毒瘀,正虚瘀结,气滞血瘀,气虚血瘀,气血亏虚,气阴两虚,湿热下注,湿热瘀阻,湿热蕴结,湿热阻络,热毒蕴结,痰浊瘀阻,痰浊蒙窍,痰湿中阻,痰湿蒙窍,痰湿蕴肺,痰瘀互结,痰瘀痹阻,瘀血阻络,肝经湿热,肝肾不足,肝肾亏虚,肝肾阴虚,肝胃不和,肝胃郁热,肝阳上亢,肾虚,脾肾两虚,脾胃不和,脾胃虚寒,血热,血瘀痰凝,阳虚水泛,阴虚火旺,阴虚血瘀,阴虚阳亢,风寒外袭,风寒袭肺,风痰上扰,风痰入络,风痰阻络
心血瘀阻,41,0,0,0,3,0,1,0,0,0,0,0,3,0,0,0,0,0,0,0,0,0,0,0,0,0,0,0,0,0,0,0,0,2,0,0,0,0,0,0,0,0
正虚毒瘀,0,5,7,0,0,0,0,0,0,0,0,0,0,0,0,0,0,1,0,0,0,0,0,0,0,0,0,0,0,0,0,0,0,0,0,0,0,0,0,0,0,0
正虚瘀结,0,49,127,1,0,0,0,0,0,0,0,0,0,0,0,0,0,0,0,0,0,0,0,2,0,0,0,0,0,0,0,0,0,0,0,0,0,0,0,0,0,0
气滞血瘀,0,1,1,336,6,2,0,10,4,2,0,13,3,1,1,0,0,0,2,25,2,0,92,1,2,2,0,8,0,0,1,0,9,1,3,1,0,0,0,0,0,2
气虚血瘀,40,0,1,9,412,12,40,0,0,0,0,0,45,17,4,4,0,22,37,19,0,1,5,10,0,2,54,0,0,0,0,0,0,25,8,28,3,1,0,7,21,33
气血亏虚,0,0,0,0,1,9,1,0,0,0,0,0,0,0,1,0,0,0,0,0,0,0,0,0,0,0,0,2,1,0,0,0,0,1,0,0,1,1,0,0,0,0
气阴两虚,0,1,0,0,3,0,62,0,0,0,0,0,0,0,0,0,0,0,0,0,0,0,0,1,0,2,0,0,1,0,0,0,0,2,6,11,0,0,0,0,0,0
湿热下注,0,0,0,1,0,9,0,520,1,2,1,10,0,0,0,0,0,0,0,0,1,0,0,4,0,0,0,0,1,0,0,0,1,0,0,1,0,0,0,0,0,0
湿热瘀阻,0,0,0,0,0,0,0,0,65,0,0,0,0,0,0,0,0,1,0,0,0,0,0,0,0,0,0,1,0,0,0,0,1,0,0,0,0,0,0,0,0,0
湿热蕴结,0,0,1,0,0,0,0,0,0,45,0,0,0,0,0,0,0,0,0,1,1,1,0,0,1,1,0,0,0,1,4,0,1,0,0,0,0,0,0,0,0,0
湿热阻络,0,0,0,0,0,0,0,0,0,0,5,0,0,0,0,0,0,0,0,0,1,0,0,0,0,0,0,0,0,0,0,0,0,0,0,0,0,0,0,0,0,0
热毒蕴结,0,0,0,0,0,0,0,1,0,0,0,63,0,0,0,0,0,0,0,0,0,0,0,0,0,0,0,0,0,0,0,0,1,0,0,0,0,0,0,0,0,0
痰浊瘀阻,1,0,0,0,0,0,0,0,0,0,0,0,32,0,0,0,0,0,0,0,0,0,0,0,0,0,0,0,0,0,0,0,0,0,0,0,0,0,0,0,0,0
痰浊蒙窍,0,0,0,0,0,0,0,0,0,0,0,0,0,14,1,0,0,0,0,0,0,0,0,0,0,0,0,0,0,0,0,0,0,0,0,0,0,0,0,0,0,0
痰湿中阻,0,0,0,0,1,0,0,0,0,0,0,0,0,0,11,5,0,1,0,0,0,0,0,0,0,0,0,0,0,0,0,0,0,0,0,0,0,0,0,1,0,1
痰湿蒙窍,0,0,0,0,0,0,0,0,0,0,0,0,0,1,1,10,0,0,0,0,0,0,0,0,0,0,0,0,0,0,0,0,0,0,0,0,0,0,0,1,0,0
痰湿蕴肺,0,0,0,0,0,0,0,0,0,0,0,0,0,0,0,0,160,13,0,0,0,0,0,0,0,0,0,0,0,0,0,0,0,3,0,1,0,0,19,0,0,0
痰瘀互结,0,0,0,0,0,0,0,0,0,0,0,0,0,0,0,1,4,13,0,1,0,5,0,1,0,0,1,0,1,0,0,0,0,0,0,0,1,0,1,2,0,0
痰瘀痹阻,0,0,0,0,2,0,0,0,0,0,0,0,0,0,2,0,0,0,10,0,0,0,0,1,0,0,1,0,0,0,0,0,0,0,0,0,0,0,0,0,0,1
瘀血阻络,0,0,0,4,2,0,0,0,0,0,0,0,0,2,0,1,0,3,1,7,0,0,3,0,0,0,2,1,0,0,0,0,0,0,0,0,0,0,0,1,0,1
肝经湿热,0,0,0,0,0,0,0,0,0,0,0,0,0,0,0,0,0,0,0,0,19,0,0,0,0,0,0,0,0,0,0,0,0,0,0,0,0,0,0,0,0,0
肝肾不足,0,0,0,0,0,0,0,0,0,1,4,0,0,0,0,0,0,0,0,0,0,32,4,1,0,0,0,0,1,0,0,0,0,0,0,0,0,0,0,0,0,0
肝肾亏虚,0,0,0,12,0,0,0,0,0,0,3,0,0,0,0,0,0,0,0,2,0,12,68,1,0,0,0,0,0,0,0,0,0,0,0,0,0,0,0,0,0,0
肝肾阴虚,0,0,0,0,0,0,1,0,0,0,0,0,0,0,1,0,0,0,1,0,0,0,2,8,0,0,1,0,0,0,0,0,0,1,0,2,0,0,0,1,2,1
肝胃不和,0,0,1,0,0,0,0,0,0,0,0,0,0,0,0,0,0,0,0,0,0,0,0,0,42,2,0,0,0,11,3,0,0,0,0,0,0,0,0,0,0,0
肝胃郁热,0,0,0,0,0,2,4,0,1,5,0,0,0,0,4,0,0,0,0,0,1,0,0,0,5,159,0,0,0,10,15,0,0,0,1,5,0,0,0,0,0,0
肝阳上亢,0,0,0,0,0,0,0,0,0,0,0,0,0,2,1,0,0,1,1,0,0,0,0,2,0,0,9,0,0,0,0,0,0,0,0,0,0,1,0,1,0,2
肾虚,0,0,0,0,1,0,0,0,0,0,0,0,0,0,0,0,0,0,0,0,0,0,0,0,0,0,0,62,0,0,0,0,0,0,0,0,0,0,0,0,0,0
脾肾两虚,0,0,0,0,0,3,0,0,0,0,0,0,0,0,0,0,0,0,0,0,0,0,0,5,0,0,0,0,69,0,0,0,0,0,0,0,0,0,0,0,0,0
脾胃不和,0,0,0,0,0,0,0,0,0,0,0,0,0,0,0,0,0,0,0,0,0,0,0,0,2,0,0,0,0,14,0,0,0,0,0,0,0,0,0,0,0,0
脾胃虚寒,0,0,0,0,0,1,0,0,0,4,0,0,0,0,0,0,0,0,0,0,0,0,0,0,2,7,0,0,0,4,37,0,0,0,0,0,0,0,0,0,0,0
血热,0,0,0,0,0,0,0,0,0,0,0,0,0,0,0,0,0,0,0,0,0,0,0,0,0,0,0,0,0,0,0,17,0,0,0,0,0,0,0,0,0,0
血瘀痰凝,0,0,0,0,0,0,0,0,0,0,0,0,0,0,0,0,0,0,0,0,0,0,0,0,0,0,0,0,0,0,0,0,20,0,0,0,0,0,0,0,0,0
阳虚水泛,1,0,0,0,0,0,1,0,0,0,0,0,1,0,0,0,0,0,0,0,0,0,0,0,0,0,0,0,2,0,0,0,0,49,0,0,0,0,0,0,0,0
阴虚火旺,0,0,0,0,0,0,0,0,0,0,0,0,0,0,0,0,0,0,0,0,0,0,0,0,0,2,0,0,0,0,0,0,0,0,17,2,0,0,0,0,0,0
阴虚血瘀,0,0,0,0,1,0,1,0,0,0,0,0,0,0,0,0,0,0,0,0,0,0,0,2,0,0,0,0,0,0,0,0,0,0,0,10,1,0,0,0,0,0
阴虚阳亢,0,0,0,0,0,0,0,0,0,0,0,0,0,0,0,0,0,0,0,0,0,0,0,2,0,0,1,0,0,0,0,0,0,0,0,0,31,0,0,0,0,0
风寒外袭,0,0,0,1,0,0,0,0,0,0,0,0,0,0,0,0,0,0,0,0,0,0,0,0,0,0,0,0,0,0,0,0,0,0,0,0,0,41,1,0,0,0
风寒袭肺,0,0,0,0,0,0,1,0,0,0,0,0,0,0,0,0,11,2,0,0,0,0,0,0,0,0,0,0,0,0,0,0,0,0,0,0,0,0,44,0,0,0
风痰上扰,0,0,0,0,0,0,0,0,0,0,0,0,0,1,4,4,0,2,1,1,0,0,0,1,0,0,2,0,0,0,0,0,0,0,0,0,2,0,0,25,1,1
风痰入络,0,0,0,0,1,0,0,0,0,0,0,0,0,0,0,0,0,1,0,0,0,0,0,0,0,0,0,0,0,0,0,0,0,0,0,0,0,4,0,0,23,7
风痰阻络,0,0,0,0,16,3,0,0,0,0,0,0,0,16,3,6,0,9,2,14,0,0,0,2,0,0,20,0,1,0,0,0,0,0,0,0,0,3,0,6,56,192
